{"_default": {"1": {"LCC_net_expense": "2556.867", "PSC_net_expense_const_kk": "1619.385", "PSC_net_expense_ijikanri_kk": "414.058", "ijikanri_years": 9, "discount_rate": "2.369", "rakusatsu_ritsu": 0.95, "PSC": "1988.373", "LCC": "2253.006", "VFM": "-264.634", "VFM_percent": "-13.309", "mgmt_type": "\u5e02\u753a\u6751", "proj_ctgry": "\u30b5\u30fc\u30d3\u30b9\u8cfc\u5165\u578b", "proj_type": "BTO", "proj_years": 10, "const_years": 1, "kijun_kinri": 0.4135750598086123, "chisai_kinri": 0.5, "zei_modori": 8.4, "lg_spread": 1.5, "zei_total": 41.98, "growth": 0.0, "kitai_bukka": 1.9554642942583733, "shisetsu_seibi": 2000.0, "ijikanri_unnei": 50.0, "reduc_shisetsu": 10.0, "reduc_ijikanri": 10.0, "pre_kyoukouka": false, "kisai_jutou": 75.0, "kisai_koufu": 30.0, "zeimae_rieki": 8.5, "SPC_keihi": 15.0, "hojo": 30.0, "datetime": "2023-09-30 19:24:49", "user_id": "01HBJSX4RRHNJHNE42DJGFZZ4F", "calc_id": "02uT2ZRlu1xtmlc2J9ZSZY", "PSC_present_value": {"0": 1619.3848335343228, "1": 44.94180675002133, "2": 43.901756853045875, "3": 42.88577594364396, "4": 41.893307013767696, "5": 40.92380594573132, "6": 39.9767412139005, "7": 39.051593593285276, "8": 38.1478558748767, "9": 37.26503258757125}, "LCC_present_value": {"0": 249.76959718663971, "1": 243.98939245952465, "2": 238.34295407973005, "3": 232.82718640678638, "4": 227.43906543999086, "5": 222.17563716050932, "6": 217.03401591184573, "7": 212.01138281779066, "8": 207.10498423698232, "9": 202.31213025323203}, "LCC_discount_factor": {"0": 0.976857853028462, "1": 0.9542512650233762, "2": 0.9321678420004291, "3": 0.9105954767987137, "4": 0.8895223424430201, "5": 0.8689368856597369, "6": 0.8488278205428088, "7": 0.8291841223662768, "8": 0.8099950215400106, "9": 0.7912499977053176}, "PSC_discount_factor": {"0": 1.0, "1": 0.976857853028462, "2": 0.9542512650233762, "3": 0.9321678420004291, "4": 0.9105954767987137, "5": 0.8895223424430201, "6": 0.8689368856597369, "7": 0.8488278205428088, "8": 0.8291841223662768, "9": 0.8099950215400106}}, "2": {"LCC_net_expense": "2631.926", "PSC_net_expense_const_kk": "1638.951", "PSC_net_expense_ijikanri_kk": "464.956", "ijikanri_years": 10, "discount_rate": "2.369", "rakusatsu_ritsu": 0.95, "PSC": "2048.651", "LCC": "2293.251", "VFM": "-244.600", "VFM_percent": "-11.940", "mgmt_type": "\u5e02\u753a\u6751", "proj_ctgry": "\u30b5\u30fc\u30d3\u30b9\u8cfc\u5165\u578b", "proj_type": "BTO", "proj_years": 11, "const_years": 1, "kijun_kinri": 0.4135750598086123, "chisai_kinri": 0.5, "zei_modori": 8.4, "lg_spread": 1.5, "zei_total": 41.98, "growth": 0.0, "kitai_bukka": 1.9554642942583733, "shisetsu_seibi": 2000.0, "ijikanri_unnei": 50.0, "reduc_shisetsu": 10.0, "reduc_ijikanri": 10.0, "pre_kyoukouka": false, "kisai_jutou": 75.0, "kisai_koufu": 30.0, "zeimae_rieki": 8.5, "SPC_keihi": 15.0, "hojo": 30.0, "datetime": "2023-09-30 19:25:46", "user_id": "01HBJSYW6575C7DYN169RHWDJX", "calc_id": "02uT2aszlnMCxsscrunh3W", "PSC_present_value": {"0": 1638.950525397727, "1": 45.419629243688874, "2": 44.36852150833866, "3": 43.341738662682836, "4": 42.33871777654904, "5": 41.35890894717767, "6": 40.40177499773962, "7": 39.466791182830924, "8": 38.55344490078285, "9": 37.661235412629836, "10": 36.78967356758107}, "LCC_present_value": {"0": 233.7288407645075, "1": 228.31985358004806, "2": 223.03604197197853, "3": 217.87450910871286, "4": 212.83242519756735, "5": 207.90702593333634, "6": 203.09561098277172, "7": 198.3955425041341, "8": 193.8042437010054, "9": 189.31919740956897, "10": 184.93794471858308}, "LCC_discount_factor": {"0": 0.976857853028462, "1": 0.9542512650233762, "2": 0.9321678420004291, "3": 0.9105954767987137, "4": 0.8895223424430201, "5": 0.8689368856597369, "6": 0.8488278205428088, "7": 0.8291841223662768, "8": 0.8099950215400106, "9": 0.7912499977053176, "10": 0.7729387739671919}, "PSC_discount_factor": {"0": 1.0, "1": 0.976857853028462, "2": 0.9542512650233762, "3": 0.9321678420004291, "4": 0.9105954767987137, "5": 0.8895223424430201, "6": 0.8689368856597369, "7": 0.8488278205428088, "8": 0.8291841223662768, "9": 0.8099950215400106, "10": 0.7912499977053176}}, "3": {"LCC_net_expense": "2951.181", "PSC_net_expense_const_kk": "1718.643", "PSC_net_expense_ijikanri_kk": "529.487", "ijikanri_years": 12, "discount_rate": "2.812", "rakusatsu_ritsu": 0.95, "PSC": "2162.822", "LCC": "2443.569", "VFM": "-280.747", "VFM_percent": "-12.981", "mgmt_type": "\u5e02\u753a\u6751", "proj_ctgry": "\u30b5\u30fc\u30d3\u30b9\u8cfc\u5165\u578b", "proj_type": "BTO", "proj_years": 13, "const_years": 1, "kijun_kinri": 0.8565380382775118, "chisai_kinri": 0.75, "zei_modori": 8.4, "lg_spread": 1.5, "zei_total": 41.98, "growth": 0.0, "kitai_bukka": 1.9554642942583733, "shisetsu_seibi": 2000.0, "ijikanri_unnei": 50.0, "reduc_shisetsu": 10.0, "reduc_ijikanri": 10.0, "pre_kyoukouka": false, "kisai_jutou": 75.0, "kisai_koufu": 30.0, "zeimae_rieki": 8.5, "SPC_keihi": 15.0, "hojo": 30.0, "datetime": "2023-09-30 21:44:12", "user_id": "01HBK1WC5YV088JNER9W498RZM", "calc_id": "02uT5zXG2cTxBWoYq4wK4s", "PSC_present_value": {"0": 1718.642583229021, "1": 42.917048671040305, "2": 41.74322812255819, "3": 40.60151264007444, "4": 39.4910241206592, "5": 38.41090847830114, "6": 37.36033498702283, "7": 36.3384956419624, "8": 35.344604537930216, "9": 34.37789726496267, "10": 33.43763032040807, "11": 32.523080537092504, "12": 31.63354452712594}, "LCC_present_value": {"0": 220.80486721703406, "1": 214.7656520713031, "2": 208.8916149854406, "3": 203.17823818837812, "4": 197.62112747421932, "5": 192.21600882261987, "6": 186.95872511160226, "7": 181.84523292027868, "8": 176.87159941902223, "9": 172.03399934469465, "10": 167.32871205860445, "11": 162.75211868493255, "12": 158.30069932742475}, "LCC_discount_factor": {"0": 0.972649085041251, "1": 0.9460462426315828, "2": 0.9201710123023223, "3": 0.8950034931973356, "4": 0.8705243287671119, "5": 0.8467146918814806, "6": 0.823556270349507, "7": 0.8010312528354331, "8": 0.779122315159831, "9": 0.7578126069754308, "10": 0.737085738807378, "11": 0.7169257694479507, "12": 0.6973171936960442}, "PSC_discount_factor": {"0": 1.0, "1": 0.972649085041251, "2": 0.9460462426315828, "3": 0.9201710123023223, "4": 0.8950034931973356, "5": 0.8705243287671119, "6": 0.8467146918814806, "7": 0.823556270349507, "8": 0.8010312528354331, "9": 0.779122315159831, "10": 0.7578126069754308, "11": 0.737085738807378, "12": 0.7169257694479507}}, "4": {"LCC_net_expense": "3026.282", "PSC_net_expense_const_kk": "1738.550", "PSC_net_expense_ijikanri_kk": "580.080", "ijikanri_years": 13, "discount_rate": "2.812", "rakusatsu_ritsu": 0.95, "PSC": "2218.855", "LCC": "2473.382", "VFM": "-254.527", "VFM_percent": "-11.471", "mgmt_type": "\u5e02\u753a\u6751", "proj_ctgry": "\u30b5\u30fc\u30d3\u30b9\u8cfc\u5165\u578b", "proj_type": "BTO", "proj_years": 14, "const_years": 1, "kijun_kinri": 0.8565380382775118, "chisai_kinri": 0.75, "zei_modori": 8.4, "lg_spread": 1.5, "zei_total": 41.98, "growth": 0.0, "kitai_bukka": 1.9554642942583733, "shisetsu_seibi": 2000.0, "ijikanri_unnei": 50.0, "reduc_shisetsu": 10.0, "reduc_ijikanri": 10.0, "pre_kyoukouka": false, "kisai_jutou": 75.0, "kisai_koufu": 30.0, "zeimae_rieki": 8.5, "SPC_keihi": 15.0, "hojo": 30.0, "datetime": "2023-09-30 21:58:08", "user_id": "01HBK2NW6S84VAZDV71SSHAKDT", "calc_id": "02uT6Kj3KKvfmDzCVKZdB5", "PSC_present_value": {"0": 1738.5502110943394, "1": 43.401127071753905, "2": 42.21406653610051, "3": 41.05947319220865, "4": 39.936459032677526, "5": 38.844160337921195, "6": 37.781737011874704, "7": 36.7483719358691, "8": 35.74327034017867, "9": 34.765659192756864, "10": 33.81478660469092, "11": 32.88992125191778, "12": 31.99035181275662, "13": 31.115386420825455}, "LCC_present_value": {"0": 210.25076595110846, "1": 204.50021513156787, "2": 198.9069471384585, "3": 193.46666014257013, "4": 188.1751699736575, "5": 183.02840690235985, "6": 178.0224125101381, "7": 173.153336644822, "8": 168.41743445942583, "9": 163.8110635319554, "10": 159.33068106399068, "11": 154.97284115588988,