{"_default": {"1": {"LCC_net_expense": 3875.2170918818565, "PSC_net_expense_const_kk": 2490.038207590909, "PSC_net_expense_ijikanri_kk": 1245.0191037954546, "ijikanri_years": 20, "discount_rate": 3.089621351674641, "rakusatsu_ritsu": 0.95, "PSC": 3448.240406312224, "LCC": 2782.1887970647117, "VFM": 666.0516092475123, "VFM_percent": 19.31569527542982, "mgmt_type": "\u56fd", "proj_ctgry": "\u30b5\u30fc\u30d3\u30b9\u8cfc\u5165\u578b", "proj_type": "BTO", "proj_years": 22, "const_years": 2, "kijun_kinri": 1.1341570574162678, "chisai_kinri": 0.9, "zei_modori": 27.8, "lg_spread": 1.5, "zei_total": 41.98, "growth": 0.0, "kitai_bukka": 1.9554642942583733, "shisetsu_seibi": 2000.0, "ijikanri_unnei": 50.0, "reduc_shisetsu": 10.0, "reduc_ijikanri": 10.0, "pre_kyoukouka": false, "kisai_jutou": 0.0, "kisai_koufu": 0.0, "zeimae_rieki": 8.5, "SPC_keihi": 15.0, "hojo": 0.0, "datetime": "2023-09-25 19:46:43", "user_id": "01HB5Z5MHWPH5981RYMG33Q423", "calc_id": "02uQCPeoSAphDUX53ArmO5"}}}